<?xml version='1.0' encoding='UTF-8'?>
<?artifactRepository version='1.1.0'?>
<repository name='Bundle pool' type='org.eclipse.equinox.p2.artifact.repository.simpleRepository' version='1.0.0'>
  <properties size='2'>
    <property name='p2.system' value='true'/>
    <property name='p2.timestamp' value='1439562700428'/>
  </properties>
  <mappings size='3'>
    <rule filter='(&amp; (classifier=osgi.bundle))' output='${repoUrl}/plugins/${id}_${version}.jar'/>
    <rule filter='(&amp; (classifier=binary))' output='${repoUrl}/binary/${id}_${version}'/>
    <rule filter='(&amp; (classifier=org.eclipse.update.feature))' output='${repoUrl}/features/${id}_${version}.jar'/>
  </mappings>
  <artifacts size='51'>
    <artifact classifier='osgi.bundle' id='org.eclipse.equinox.http.servlet' version='1.1.400.v20130418-1354'>
      <properties size='1'>
        <property name='download.size' value='44849'/>
      </properties>
    </artifact>
    <artifact classifier='osgi.bundle' id='org.eclipse.ecf.filetransfer' version='5.0.0.v20130604-1622'>
      <properties size='1'>
        <property name='download.size' value='51730'/>
      </properties>
    </artifact>
    <artifact classifier='osgi.bundle' id='org.eclipse.jetty.server' version='8.1.10.v20130312'>
      <properties size='1'>
        <property name='download.size' value='347020'/>
      </properties>
    </artifact>
    <artifact classifier='osgi.bundle' id='org.eclipse.jetty.webapp' version='8.1.10.v20130312'>
      <properties size='1'>
        <property name='download.size' value='110227'/>
      </properties>
    </artifact>
    <artifact classifier='osgi.bundle' id='org.eclipse.equinox.launcher.gtk.linux.x86' version='1.1.200.v20130807-1835'>
      <properties size='1'>
        <property name='download.size' value='76452'/>
      </properties>
      <repositoryProperties size='1'>
        <property name='artifact.folder' value='true'/>
      </repositoryProperties>
    </artifact>
    <artifact classifier='osgi.bundle' id='org.wso2.carbon.core' version='5.0.0.m4'>
      <properties size='1'>
        <property name='download.size' value='164601'/>
      </properties>
    </artifact>
    <artifact classifier='osgi.bundle' id='org.eclipse.core.jobs' version='3.5.300.v20130429-1813'>
      <properties size='1'>
        <property name='download.size' value='92335'/>
      </properties>
    </artifact>
    <artifact classifier='osgi.bundle' id='org.eclipse.equinox.frameworkadmin' version='2.0.100.v20130327-2119'>
      <properties size='1'>
        <property name='download.size' value='35762'/>
      </properties>
    </artifact>
    <artifact classifier='osgi.bundle' id='org.eclipse.equinox.app' version='1.3.100.v20130327-1442'>
      <properties size='1'>
        <property name='download.size' value='86046'/>
      </properties>
    </artifact>
    <artifact classifier='osgi.bundle' id='org.eclipse.jetty.continuation' version='8.1.10.v20130312'>
      <properties size='1'>
        <property name='download.size' value='21144'/>
      </properties>
    </artifact>
    <artifact classifier='osgi.bundle' id='org.sat4j.core' version='2.3.5.v201308161310'>
      <properties size='1'>
        <property name='download.size' value='363567'/>
      </properties>
    </artifact>
    <artifact classifier='osgi.bundle' id='org.apache.felix.gogo.command' version='0.10.0.v201209301215'>
      <properties size='1'>
        <property name='download.size' value='57646'/>
      </properties>
    </artifact>
    <artifact classifier='osgi.bundle' id='org.eclipse.jetty.servlet' version='8.1.10.v20130312'>
      <properties size='1'>
        <property name='download.size' value='101052'/>
      </properties>
    </artifact>
    <artifact classifier='osgi.bundle' id='org.eclipse.jetty.io' version='8.1.10.v20130312'>
      <properties size='1'>
        <property name='download.size' value='103622'/>
      </properties>
    </artifact>
    <artifact classifier='osgi.bundle' id='org.eclipse.ecf.identity' version='3.2.0.v20130604-1622'>
      <properties size='1'>
        <property name='download.size' value='54407'/>
      </properties>
    </artifact>
    <artifact classifier='osgi.bundle' id='org.eclipse.core.runtime' version='3.9.0.v20130326-1255'>
      <properties size='1'>
        <property name='download.size' value='73473'/>
      </properties>
    </artifact>
    <artifact classifier='osgi.bundle' id='hazelcast' version='3.5.0.wso2v1'>
      <properties size='1'>
        <property name='download.size' value='7101129'/>
      </properties>
    </artifact>
    <artifact classifier='osgi.bundle' id='org.eclipse.ecf' version='3.2.0.v20130604-1622'>
      <properties size='1'>
        <property name='download.size' value='94160'/>
      </properties>
    </artifact>
    <artifact classifier='osgi.bundle' id='org.eclipse.jetty.deploy' version='8.1.10.v20130312'>
      <properties size='1'>
        <property name='download.size' value='60756'/>
      </properties>
    </artifact>
    <artifact classifier='osgi.bundle' id='org.eclipse.jetty.http' version='8.1.10.v20130312'>
      <properties size='1'>
        <property name='download.size' value='95709'/>
      </properties>
    </artifact>
    <artifact classifier='osgi.bundle' id='org.wso2.carbon.transport' version='5.0.0.m4'>
      <properties size='1'>
        <property name='download.size' value='15734'/>
      </properties>
    </artifact>
    <artifact classifier='osgi.bundle' id='org.eclipse.equinox.ds' version='1.4.101.v20130813-1853'>
      <properties size='1'>
        <property name='download.size' value='194099'/>
      </properties>
    </artifact>
    <artifact classifier='osgi.bundle' id='org.eclipse.equinox.security' version='1.2.0.v20130424-1801'>
      <properties size='1'>
        <property name='download.size' value='106935'/>
      </properties>
    </artifact>
    <artifact classifier='osgi.bundle' id='org.eclipse.jetty.xml' version='8.1.10.v20130312'>
      <properties size='1'>
        <property name='download.size' value='38983'/>
      </properties>
    </artifact>
    <artifact classifier='osgi.bundle' id='org.eclipse.osgi.services' version='3.3.100.v20130513-1956'>
      <properties size='1'>
        <property name='download.size' value='82610'/>
      </properties>
    </artifact>
    <artifact classifier='osgi.bundle' id='org.eclipse.jetty.util' version='8.1.10.v20130312'>
      <properties size='1'>
        <property name='download.size' value='284903'/>
      </properties>
    </artifact>
    <artifact classifier='osgi.bundle' id='org.eclipse.equinox.concurrent' version='1.1.0.v20130327-1442'>
      <properties size='1'>
        <property name='download.size' value='25385'/>
      </properties>
    </artifact>
    <artifact classifier='osgi.bundle' id='org.sat4j.pb' version='2.3.5.v201308161310'>
      <properties size='1'>
        <property name='download.size' value='242569'/>
      </properties>
    </artifact>
    <artifact classifier='osgi.bundle' id='org.apache.felix.gogo.runtime' version='0.10.0.v201209301036'>
      <properties size='1'>
        <property name='download.size' value='80249'/>
      </properties>
    </artifact>
    <artifact classifier='osgi.bundle' id='org.eclipse.core.contenttype' version='3.4.200.v20130326-1255'>
      <properties size='1'>
        <property name='download.size' value='92869'/>
      </properties>
    </artifact>
    <artifact classifier='org.eclipse.update.feature' id='org.wso2.carbon.core.runtime' version='5.0.0.m4'>
      <properties size='1'>
        <property name='download.size' value='7003'/>
      </properties>
      <repositoryProperties size='1'>
        <property name='artifact.folder' value='true'/>
      </repositoryProperties>
    </artifact>
    <artifact classifier='osgi.bundle' id='org.eclipse.jetty.osgi.boot' version='8.1.10.v20130312'>
      <properties size='1'>
        <property name='download.size' value='117334'/>
      </properties>
    </artifact>
    <artifact classifier='osgi.bundle' id='org.eclipse.equinox.console' version='1.0.100.v20130429-0953'>
      <properties size='1'>
        <property name='download.size' value='116043'/>
      </properties>
    </artifact>
    <artifact classifier='osgi.bundle' id='org.eclipse.core.expressions' version='3.4.500.v20130515-1343'>
      <properties size='1'>
        <property name='download.size' value='88116'/>
      </properties>
    </artifact>
    <artifact classifier='osgi.bundle' id='org.eclipse.equinox.simpleconfigurator' version='1.0.400.v20130327-2119'>
      <properties size='1'>
        <property name='download.size' value='40353'/>
      </properties>
    </artifact>
    <artifact classifier='osgi.bundle' id='org.ops4j.pax.logging.pax-logging-api' version='1.7.2'>
      <properties size='1'>
        <property name='download.size' value='95597'/>
      </properties>
    </artifact>
    <artifact classifier='osgi.bundle' id='org.eclipse.ecf.provider.filetransfer' version='3.2.0.v20130604-1622'>
      <properties size='1'>
        <property name='download.size' value='127621'/>
      </properties>
    </artifact>
    <artifact classifier='osgi.bundle' id='org.eclipse.equinox.registry' version='3.5.301.v20130717-1549'>
      <properties size='1'>
        <property name='download.size' value='183913'/>
      </properties>
    </artifact>
    <artifact classifier='osgi.bundle' id='org.ops4j.pax.logging.pax-logging-service' version='1.7.2'>
      <properties size='1'>
        <property name='download.size' value='566348'/>
      </properties>
    </artifact>
    <artifact classifier='osgi.bundle' id='org.apache.felix.gogo.shell' version='0.10.0.v201212101605'>
      <properties size='1'>
        <property name='download.size' value='60827'/>
      </properties>
    </artifact>
    <artifact classifier='osgi.bundle' id='org.eclipse.equinox.common' version='3.6.200.v20130402-1505'>
      <properties size='1'>
        <property name='download.size' value='106521'/>
      </properties>
    </artifact>
    <artifact classifier='osgi.bundle' id='org.eclipse.equinox.simpleconfigurator.manipulator' version='2.0.0.v20130327-2119'>
      <properties size='1'>
        <property name='download.size' value='25105'/>
      </properties>
    </artifact>
    <artifact classifier='org.eclipse.update.feature' id='org.wso2.carbon.core.server' version='5.0.0.m4'>
      <properties size='1'>
        <property name='download.size' value='6985'/>
      </properties>
      <repositoryProperties size='1'>
        <property name='artifact.folder' value='true'/>
      </repositoryProperties>
    </artifact>
    <artifact classifier='osgi.bundle' id='org.eclipse.equinox.launcher' version='1.3.0.v20130327-1440'>
      <properties size='1'>
        <property name='download.size' value='49806'/>
      </properties>
    </artifact>
    <artifact classifier='osgi.bundle' id='org.eclipse.equinox.frameworkadmin.equinox' version='1.0.500.v20130327-2119'>
      <properties size='1'>
        <property name='download.size' value='63274'/>
      </properties>
    </artifact>
    <artifact classifier='osgi.bundle' id='javax.servlet-api' version='3.0.1'>
      <properties size='1'>
        <property name='download.size' value='85353'/>
      </properties>
    </artifact>
    <artifact classifier='osgi.bundle' id='org.eclipse.equinox.preferences' version='3.5.100.v20130422-1538'>
      <properties size='1'>
        <property name='download.size' value='126936'/>
      </properties>
    </artifact>
    <artifact classifier='osgi.bundle' id='org.eclipse.equinox.util' version='1.0.500.v20130404-1337'>
      <properties size='1'>
        <property name='download.size' value='77626'/>
      </properties>
    </artifact>
    <artifact classifier='osgi.bundle' id='org.eclipse.equinox.cm' version='3.2.0.v20070116'>
      <properties size='1'>
        <property name='download.size' value='43895'/>
      </properties>
    </artifact>
    <artifact classifier='osgi.bundle' id='org.eclipse.osgi' version='3.9.1.v20130814-1242'>
      <properties size='1'>
        <property name='download.size' value='1390592'/>
      </properties>
    </artifact>
    <artifact classifier='osgi.bundle' id='org.eclipse.jetty.security' version='8.1.10.v20130312'>
      <properties size='1'>
        <property name='download.size' value='89691'/>
      </properties>
    </artifact>
  </artifacts>
</repository>
