<?xml version="1.0" encoding="ISO-8859-1"?>

<!--
  ~ Copyright 2005-2014 WSO2, Inc. (http://wso2.com)
  ~
  ~ Licensed under the Apache License, Version 2.0 (the "License");
  ~ you may not use this file except in compliance with the License.
  ~ You may obtain a copy of the License at
  ~
  ~ http://www.apache.org/licenses/LICENSE-2.0
  ~
  ~ Unless required by applicable law or agreed to in writing, software
  ~ distributed under the License is distributed on an "AS IS" BASIS,
  ~ WITHOUT WARRANTIES OR CONDITIONS OF ANY KIND, either express or implied.
  ~ See the License for the specific language governing permissions and
  ~ limitations under the License.
  -->

<!--
    This is the main server configuration file

    ${carbon.home} represents the carbon.home system property.
    Other system properties can be specified in a similar manner.
-->
<Server xmlns="http://wso2.org/carbon/xmlns/v5.0.0">

    <Id>carbon-kernel</Id>

    <Name>WSO2 Carbon Kernel</Name>

    <Version>5.0.0-SNAPSHOT</Version>

    <!--
       Ports used by this server
    -->
    <Ports>

        <!-- Ports offset. This entry will set the value of the ports defined below to
         the define value + Offset.
         e.g. Offset=2 and HTTPS port=9443 will set the effective HTTPS port to 9445
         -->
        <Offset>0</Offset>

    </Ports>

    <!--
    Deployment Engine related configurations
    -->
    <Deployment>
        <!--
         Currently there can be two modes
         1. Scheduled Mode - (enable below property to "scheduled") - where the task runs periodically and trigger deployment
         2. Triggered Mode - (enable below property to "triggered") - the deployment has to be triggered externally,
            eg : in a worker node we don't need the task to run, but rather when we receive a
                 cluster msg,  the deployment has to be triggered manually
        -->
        <Mode>scheduled</Mode>
        <!--
             Location of the artifact repository
        -->
        <RepositoryLocation>${carbon.home}/repository/deployment/server/</RepositoryLocation>

        <!--
         Deployment update interval in seconds. This is the interval between repository listener
         executions.
        -->
        <UpdateInterval>15</UpdateInterval>

    </Deployment>




</Server>
