<Cluster xsi:schemaLocation="http://wso2.com/schema/clustering/config cluster.xsd"
         xmlns="http://wso2.com/schema/clustering/config"
         xmlns:xsi="http://www.w3.org/2001/XMLSchema-instance">

    <!--Indicates whether clustering should be enabled or disabled for this node-->
    <Enable>false</Enable>

    <!-- The agent implementation used with cluster framework-->
    <Agent>hazelcast</Agent>
    <!--
     The clustering domain/group. Nodes in the same group will belong to the same multicast
     domain. There will not be interference between nodes in different groups.
    -->
    <Domain>wso2.carbon.domain</Domain>

    <!-- Properties specific to this member -->
    <LocalMember>
        <Host>127.0.0.1</Host>
        <Port>4000</Port>

        <Properties>
            <Property name="backendServerUrl">https://${hostName}:${httpsPort}/services/</Property>
            <Property name="mgtConsoleUrl">https://${hostName}:${httpsPort}/</Property>
            <Property name="subDomain">worker</Property>
        </Properties>
    </LocalMember>

    <!--
        The membership scheme used in this setup. The only values supported at the moment are
        "multicast" and "wka"

        1. multicast - membership is automatically discovered using multicasting
        2. wka - Well-Known Address based multicasting. Membership is discovered with the help
            of one or more nodes running at a Well-Known Address. New members joining a
            cluster will first connect to a well-known node, register with the well-known node
            and get the membership list from it. When new members join, one of the well-known
            nodes will notify the others in the group. When a member leaves the cluster or
            is deemed to have left the cluster, it will be detected by the Group Membership
            Service (GMS) using a TCP ping mechanism.
    -->
    <MembershipScheme>
        <!-- multicast membership scheme related properties-->
        <Multicast>
            <Group>228.0.0.4</Group>
            <Port>45564</Port>
            <TTL>100</TTL>
            <!--<Timeout>60</Timeout>-->
        </Multicast>

        <!-- wka membership scheme related properties-->
        <!--WKA>
            <Members>
                <Member>
                    <Host>127.0.0.1</Host>
                    <Port>4000</Port>
                </Member>
            </Members>
        </WKA-->
    </MembershipScheme>

</Cluster>