<?xml version="1.0" encoding="UTF-8" standalone="no"?>
<feature id="org.wso2.carbon.core.runtime" label="WSO2 Carbon Kernel - Carbon Runtime Feature" provider-name="%providerName" version="5.0.0.m4">
  <description>This feature contains the carbon core runtime features</description>
  <copyright>%copyright</copyright>
  <license url="%licenseURL">%license</license>
  <plugin id="org.eclipse.equinox.simpleconfigurator.manipulator" unpack="false" version="2.0.0.v20130327-2119"/>
  <plugin id="org.ops4j.pax.logging.pax-logging-api" unpack="false" version="1.7.2"/>
  <plugin id="org.eclipse.osgi" unpack="false" version="3.9.1.v20130814-1242"/>
  <plugin id="org.eclipse.core.expressions" unpack="false" version="3.4.500.v20130515-1343"/>
  <plugin id="org.eclipse.equinox.simpleconfigurator" unpack="false" version="1.0.400.v20130327-2119"/>
  <plugin id="org.eclipse.equinox.app" unpack="false" version="1.3.100.v20130327-1442"/>
  <plugin id="org.eclipse.equinox.launcher.gtk.linux.x86" unpack="false" version="1.1.200.v20130807-1835"/>
  <plugin id="org.eclipse.equinox.registry" unpack="false" version="3.5.301.v20130717-1549"/>
  <plugin id="org.eclipse.equinox.frameworkadmin" unpack="false" version="2.0.100.v20130327-2119"/>
  <plugin id="org.eclipse.core.jobs" unpack="false" version="3.5.300.v20130429-1813"/>
  <plugin id="org.eclipse.equinox.security" unpack="false" version="1.2.0.v20130424-1801"/>
  <plugin id="org.eclipse.equinox.preferences" unpack="false" version="3.5.100.v20130422-1538"/>
  <plugin id="org.sat4j.pb" unpack="false" version="2.3.5.v201308161310"/>
  <plugin id="org.eclipse.ecf" unpack="false" version="3.2.0.v20130604-1622"/>
  <plugin id="org.apache.felix.gogo.command" unpack="false" version="0.10.0.v201209301215"/>
  <plugin id="org.apache.felix.gogo.shell" unpack="false" version="0.10.0.v201212101605"/>
  <plugin id="org.eclipse.equinox.concurrent" unpack="false" version="1.1.0.v20130327-1442"/>
  <plugin id="org.eclipse.ecf.identity" unpack="false" version="3.2.0.v20130604-1622"/>
  <plugin id="org.eclipse.osgi.services" unpack="false" version="3.3.100.v20130513-1956"/>
  <plugin id="org.eclipse.equinox.common" unpack="false" version="3.6.200.v20130402-1505"/>
  <plugin id="org.sat4j.core" unpack="false" version="2.3.5.v201308161310"/>
  <plugin id="org.ops4j.pax.logging.pax-logging-service" unpack="false" version="1.7.2"/>
  <plugin id="org.eclipse.ecf.provider.filetransfer" unpack="false" version="3.2.0.v20130604-1622"/>
  <plugin id="org.eclipse.equinox.cm" unpack="false" version="3.2.0.v20070116"/>
  <plugin id="org.eclipse.equinox.ds" unpack="false" version="1.4.101.v20130813-1853"/>
  <plugin id="org.apache.felix.gogo.runtime" unpack="false" version="0.10.0.v201209301036"/>
  <plugin id="org.eclipse.ecf.filetransfer" unpack="false" version="5.0.0.v20130604-1622"/>
  <plugin id="org.eclipse.equinox.frameworkadmin.equinox" unpack="false" version="1.0.500.v20130327-2119"/>
  <plugin id="org.eclipse.core.runtime" unpack="false" version="3.9.0.v20130326-1255"/>
  <plugin id="org.eclipse.core.contenttype" unpack="false" version="3.4.200.v20130326-1255"/>
  <plugin id="org.eclipse.equinox.launcher" unpack="false" version="1.3.0.v20130327-1440"/>
  <plugin id="org.eclipse.equinox.console" unpack="false" version="1.0.100.v20130429-0953"/>
  <plugin id="org.eclipse.equinox.util" unpack="false" version="1.0.500.v20130404-1337"/>
</feature>
