<?xml version="1.0" encoding="UTF-8" standalone="no"?>
<feature id="org.wso2.carbon.core.server" label="WSO2 Carbon Kernel - Carbon Server Feature" provider-name="%providerName" version="5.0.0.m4">
  <description>This feature contains the carbon core server features</description>
  <copyright>%copyright</copyright>
  <license url="%licenseURL">%license</license>
  <plugin id="org.eclipse.equinox.http.servlet" unpack="false" version="1.1.400.v20130418-1354"/>
  <plugin id="org.eclipse.jetty.servlet" unpack="false" version="8.1.10.v20130312"/>
  <plugin id="org.wso2.carbon.transport" unpack="false" version="5.0.0.m4"/>
  <plugin id="org.eclipse.jetty.server" unpack="false" version="8.1.10.v20130312"/>
  <plugin id="org.eclipse.jetty.io" unpack="false" version="8.1.10.v20130312"/>
  <plugin id="org.eclipse.jetty.osgi.boot" unpack="false" version="8.1.10.v20130312"/>
  <plugin id="org.eclipse.jetty.continuation" unpack="false" version="8.1.10.v20130312"/>
  <plugin id="javax.servlet-api" unpack="false" version="3.0.1"/>
  <plugin id="hazelcast" unpack="false" version="3.5.0.wso2v1"/>
  <plugin id="org.eclipse.jetty.deploy" unpack="false" version="8.1.10.v20130312"/>
  <plugin id="org.eclipse.jetty.security" unpack="false" version="8.1.10.v20130312"/>
  <plugin id="org.eclipse.jetty.xml" unpack="false" version="8.1.10.v20130312"/>
  <plugin id="org.wso2.carbon.core" unpack="false" version="5.0.0.m4"/>
  <plugin id="org.eclipse.jetty.webapp" unpack="false" version="8.1.10.v20130312"/>
  <plugin id="org.eclipse.jetty.http" unpack="false" version="8.1.10.v20130312"/>
  <plugin id="org.eclipse.jetty.util" unpack="false" version="8.1.10.v20130312"/>
</feature>
